Customer_ID,Customer_Name,Phone_Number,Email,Policy_Start_Date,Policy_End_Date,Renewal_Status
1047,Ellen Tucker,+1-462-317-9333x85458,dterry@example.com,2024-05-26,2025-05-26,Expired
1121,Darrell Randolph,864-242-5736x63822,steven46@example.com,2024-03-03,2026-03-03,Renewed
1136,Tammy Lopez,001-639-212-8827x723,megangraves@example.com,2025-01-23,2025-07-22,Expired
1153,Shari Wilson,(544)289-8868,gdavis@example.org,2023-11-11,2024-11-10,Expired
1125,Mary Roberts,+1-346-872-1871,ashleyguerrero@example.org,2023-12-14,2025-12-13,Renewed
1031,Katherine Delgado,960.437.2276x765,matthew11@example.net,2024-06-14,2024-12-11,Expired
1007,Christopher Silva,001-691-317-7173x389,pkey@example.net,2025-01-11,2026-01-11,Renewed
1101,Calvin Howard,6216070206,monica79@example.net,2025-02-04,2025-08-03,Pending
1010,Ashley Webster,(953)696-0141x2388,michelle84@example.net,2024-08-19,2025-02-15,Expired
1021,Richard Lopez,948.503.6052x07992,thomas44@example.net,2024-06-30,2026-06-30,Renewed
1160,Pamela Sanchez,705-531-1442,russell76@example.org,2024-11-24,2025-11-24,Renewed
1172,Derek Bradley,(862)852-0276x6693,stevenskyle@example.com,2025-06-07,2025-12-04,Renewed
1140,Matthew Wright,+1-265-703-8869x31751,thomaszachary@example.net,2025-02-26,2025-08-25,Pending
1056,Stacey Campbell,805.659.6558x2682,csimpson@example.net,2025-06-25,2025-12-22,Renewed
1118,Steven Fritz,(232)967-7602x4054,david95@example.net,2024-02-01,2026-01-31,Renewed
1046,George Fields,298.262.9067x609,hernandezamy@example.org,2025-01-21,2027-01-21,Renewed
1184,Beth Baker,001-343-752-7563x33022,angela44@example.net,2023-09-09,2025-09-08,Renewed
1004,Brooke Harris,295.537.6441x8754,lisachristensen@example.org,2024-12-25,2025-12-25,Renewed
1027,Donald Brown,001-956-492-8007x12842,blanchardmichael@example.org,2025-01-21,2026-01-21,Renewed
1005,Lawrence Benson,294-817-1890x7696,ericastewart@example.net,2024-05-08,2025-05-08,Expired
1116,Terri Shaw,6483172339,brandonkoch@example.net,2024-01-29,2024-07-27,Expired
1071,Holly Taylor,803-621-2034x0739,matthew29@example.org,2024-12-28,2025-12-28,Renewed
1119,Brett Gross,938-689-6702x900,bobby59@example.com,2025-03-17,2026-03-17,Renewed
1042,Kenneth Hill,(657)305-7027,destinyyoung@example.org,2023-12-27,2025-12-26,Renewed
1034,Anthony Johnson,+1-982-965-5413x86293,nicoleenglish@example.com,2023-12-12,2025-12-11,Renewed
1169,Stacey Jones,433-726-2173x181,vfox@example.com,2024-02-01,2024-07-30,Expired
1017,Johnny Marquez,001-456-417-0725x317,billy65@example.net,2025-05-28,2027-05-28,Renewed
1088,Lisa Garrison,+1-873-463-9941x1548,wrodgers@example.com,2024-12-16,2026-12-16,Renewed
1180,Amanda Brock,(714)701-4898x305,alexanderjames@example.com,2024-05-14,2026-05-14,Renewed
1109,Jason Ruiz,606-939-4477x108,nicholaswalsh@example.net,2025-07-29,2027-07-29,Renewed
1053,Laura Edwards,001-536-320-7645x06715,rmartinez@example.org,2023-12-24,2024-06-21,Expired
1081,Michelle Stephens,001-767-623-3982x53439,sherry92@example.com,2025-05-03,2026-05-03,Renewed
1022,David Chung,001-324-952-8166,taylorzachary@example.com,2025-07-10,2026-07-10,Renewed
1144,Kelly Graham,306.273.6026x3985,hlewis@example.net,2023-09-06,2025-09-05,Renewed
1069,Vincent Ruiz,001-538-626-1622x6056,raymondtucker@example.net,2023-10-08,2025-10-07,Renewed
1106,Brenda Smith,001-678-742-6916x746,whiteanita@example.org,2025-07-13,2026-01-09,Renewed
1062,James Benjamin,(239)947-1577x90487,kimberly63@example.com,2024-01-29,2026-01-28,Renewed
1175,Cynthia Beck,+1-886-225-6529x0753,ucox@example.com,2025-01-15,2025-07-14,Expired
1168,Justin Cross,+1-509-392-1861x59187,ortizjennifer@example.com,2024-02-26,2026-02-25,Renewed
1103,Larry Phillips,257.654.3441x271,joshua33@example.org,2023-12-06,2024-06-03,Expired
1043,Candice Russell,(297)533-9993,cdelgado@example.net,2024-04-09,2024-10-06,Expired
1151,Barry Olson,358.749.4056x07089,williamsondawn@example.net,2025-03-16,2027-03-16,Renewed
1112,Charles Moore,790-921-6125x61136,leeellen@example.net,2025-01-31,2025-07-30,Pending
1123,Sean Butler,753.302.6250x69415,patriciahebert@example.org,2023-09-16,2024-03-14,Expired
1044,Mario Greer,(681)846-5230,joe58@example.com,2024-09-09,2025-09-09,Renewed
1001,Mr. Charles Price,337-423-2732x9200,meredith97@example.com,2024-06-10,2026-06-10,Renewed
1181,Natalie Carrillo,602-623-0196,lopezmichael@example.com,2024-01-25,2025-01-24,Expired
1067,Christopher Rose,(535)212-1352x82491,opalmer@example.net,2024-02-06,2026-02-05,Renewed
1023,Cathy Collins,767.644.1256x7953,jonathanclark@example.org,2024-06-18,2025-06-18,Expired
1192,Kimberly Stevens,(343)664-6777,ashleycole@example.net,2025-01-02,2026-01-02,Renewed
1166,Ashley Wallace,001-856-662-1792x67762,kristin44@example.net,2024-04-27,2024-10-24,Expired
1161,Jay Stanley,776.911.1737x38275,vincentlee@example.org,2025-05-14,2025-11-10,Renewed
1191,Victor Hayes,3586943465,tschroeder@example.org,2025-06-15,2027-06-15,Renewed
1147,Richard Coleman,977.935.7226x05331,dware@example.net,2025-02-08,2025-08-07,Pending
1149,Justin Pugh,8154068490,boydlori@example.net,2025-06-03,2027-06-03,Renewed
1098,Jennifer Ortiz,001-332-252-6598x2176,bennettleslie@example.net,2024-09-12,2025-03-11,Expired
1159,Cindy Greene,(280)960-4202,mary79@example.com,2025-07-01,2026-07-01,Renewed
1000,Dustin Williams,2837043533,vazquezjaime@example.com,2025-05-08,2026-05-08,Renewed
1016,Jillian Kline,357-463-4552x0359,zfowler@example.net,2025-04-13,2027-04-13,Renewed
1108,Wendy Guzman,862.835.4101,lisa19@example.com,2024-04-28,2024-10-25,Expired
1195,Heather Fields,408.356.7618x998,lovecarol@example.org,2024-10-19,2025-10-19,Renewed
1035,Adam Chan,001-856-697-8433x9773,gtran@example.org,2024-01-01,2025-12-31,Renewed
1090,Ann Stokes,001-577-865-6638x5793,matthewjohnson@example.com,2025-07-16,2026-07-16,Renewed
1163,David Day,+1-467-644-9796x668,rodney73@example.org,2024-04-29,2025-04-29,Expired
1179,Justin Collier,(923)429-0806x962,mestrada@example.net,2024-08-17,2025-08-17,Pending
1040,Brent Thomas,+1-263-207-8631x5688,andrewoliver@example.com,2023-08-23,2024-02-19,Expired
1157,Jessica Peters,(409)454-1418x038,dfrost@example.com,2023-11-15,2024-11-14,Expired
1064,Thomas Calhoun,810.434.7847,mflores@example.com,2024-08-02,2025-08-02,Pending
1199,Kellie Brown,+1-513-964-9704,ritterapril@example.org,2025-03-09,2026-03-09,Renewed
1013,Tiffany Clark,001-550-467-1745x5230,scottatkinson@example.net,2024-04-05,2024-10-02,Expired
1107,Arthur Calderon,6458189829,wigginsmelissa@example.org,2023-08-13,2025-08-12,Pending
1104,Jason Fitzgerald,+1-775-964-9628x588,edgar52@example.org,2025-04-19,2026-04-19,Renewed
1164,Tara Phelps,001-405-254-7143x838,rmitchell@example.org,2024-03-26,2024-09-22,Expired
1051,Michelle Huffman,499.229.6647,omccormick@example.org,2024-07-27,2025-01-23,Expired
1197,Jeffery Solis,5428945404,tonyawhite@example.org,2023-09-23,2025-09-22,Renewed
1145,Shannon Duncan,(693)839-5595,vwarren@example.net,2025-05-06,2025-11-02,Renewed
1028,Mr. Matthew Banks,+1-376-863-4236x52833,henrylewis@example.com,2024-08-06,2025-02-02,Expired
1173,Joseph Best,9768174825,isherman@example.org,2024-08-08,2025-02-04,Expired
1050,Bradley Cabrera,(667)811-4593x1025,elliottphillip@example.com,2025-05-01,2026-05-01,Renewed
1135,Paul Terry,+1-391-419-9552x95236,ivan92@example.com,2023-09-01,2024-08-31,Expired
1129,Alexander Scott,571.567.2321,khoward@example.org,2025-03-29,2025-09-25,Renewed
1152,Christopher Fisher,574.747.9682,scontreras@example.org,2023-10-02,2025-10-01,Renewed
1039,Leslie Young,001-228-341-4479x28825,erin63@example.org,2025-06-21,2025-12-18,Renewed
1089,Brandon Thompson,(923)695-4458x9399,tinasmith@example.org,2025-04-19,2026-04-19,Renewed
1187,David Johnson,385.829.1293,dana06@example.net,2025-07-20,2026-07-20,Renewed
1113,Jordan Pope,(476)557-4619x43726,thomas24@example.net,2025-01-04,2025-07-03,Expired
1139,Randy Miller,370.919.7233,eking@example.com,2024-02-29,2026-02-28,Renewed
1073,Robert Porter,001-544-965-5021x804,justinfisher@example.net,2024-11-16,2026-11-16,Renewed
1097,Curtis Wolfe,001-664-460-2524x0553,christopher27@example.com,2025-07-09,2026-01-05,Renewed
1171,Kristina Owens,+1-361-841-2927x8536,jessica51@example.org,2025-02-01,2025-07-31,Pending
1006,James Gates,741-310-8929x56117,anagriffin@example.org,2023-12-11,2025-12-10,Renewed
1060,Ryan Palmer,(683)280-8982,kelly92@example.org,2025-01-10,2025-07-09,Expired
1075,Isaac Parrish,(480)358-2815,thompsonanne@example.com,2024-04-06,2026-04-06,Renewed
1063,Steven Green,+1-967-994-2478x62404,lopezcharles@example.net,2023-11-21,2024-11-20,Expired
1132,Kelly Watson,(280)907-8728x0990,destinyroberts@example.com,2024-04-11,2025-04-11,Expired
1096,Paula Sanchez,870.295.6772x63650,todd59@example.org,2024-01-06,2025-01-05,Expired
1117,Jennifer Singleton,(698)220-2329x36803,phillipsanna@example.net,2024-01-17,2026-01-16,Renewed
1058,Pamela Terry,+1-632-393-9116x51084,nbauer@example.com,2024-02-09,2024-08-07,Expired
1150,Tracey Wheeler,909.329.1747x9035,bwashington@example.org,2025-06-26,2026-06-26,Renewed
1133,Felicia Brown,2937061434,ryan14@example.com,2025-03-17,2027-03-17,Renewed
1190,Jeffrey Carter,001-428-768-5288x919,cobbwilliam@example.org,2024-07-15,2026-07-15,Renewed
1059,Tonya Gibbs,(408)783-9918,donaldmcgrath@example.net,2025-02-25,2027-02-25,Renewed
1193,Charles Brown,+1-760-356-4790,brianowen@example.net,2025-03-15,2026-03-15,Renewed
1078,James Cole,706-863-8707x211,kayla99@example.net,2024-09-06,2025-03-05,Expired
1137,April Harvey,(942)351-5060,nelsonkatie@example.org,2024-07-08,2026-07-08,Renewed
1076,Jay Lee,001-893-230-1769,hugheskenneth@example.com,2025-07-27,2026-01-23,Renewed
1155,Chelsea Gallagher,001-734-682-6659x1737,willie94@example.com,2024-01-14,2026-01-13,Renewed
1138,Jeffrey Garcia,265-720-8827x920,currydanielle@example.com,2024-03-01,2026-03-01,Renewed
1174,Veronica Garcia,001-387-875-9343x65339,spearsjennifer@example.com,2025-04-29,2026-04-29,Renewed
1032,Debra Lucas,675.553.9385,qhampton@example.net,2024-09-22,2026-09-22,Renewed
1200,Sarah Walsh,+1-252-549-8041x00808,michael38@example.org,2024-01-19,2025-01-18,Expired
1115,Randall Sims,(815)824-1347x453,garciadavid@example.org,2025-03-09,2026-03-09,Renewed
1148,Whitney Wolf,502-496-3303,lisa02@example.net,2024-05-08,2025-05-08,Expired
1009,Christopher Hopkins,207.379.2163x8939,waynemanning@example.com,2023-11-28,2025-11-27,Renewed
1085,Kathleen Cannon,583-984-1999x911,danielsnathan@example.com,2023-11-29,2025-11-28,Renewed
1183,Lucas Simmons,391-781-6597x0872,fernando58@example.net,2023-11-02,2024-04-30,Expired
1120,Ashley Moore,424.604.7396,bmoore@example.com,2024-11-14,2026-11-14,Renewed
1033,Amanda Kennedy,432-305-2728x7352,christopher30@example.org,2024-06-17,2025-06-17,Expired
1014,David Taylor,(919)399-0056,benjaminhall@example.net,2025-04-28,2026-04-28,Renewed
1094,Zoe Whitney,322.727.5992x589,twillis@example.net,2024-08-05,2025-08-05,Pending
1177,Brian Jones,001-541-735-2889x6797,jennifer12@example.net,2024-10-09,2025-10-09,Renewed
1154,Gabriel Palmer,(943)316-1337,burgesswilliam@example.com,2023-10-13,2024-10-12,Expired
1026,April Owens,001-365-756-4395x28406,kristinvelazquez@example.net,2025-03-07,2025-09-03,Renewed
1165,Robert Schwartz,(438)842-7197x8881,uwilson@example.com,2024-01-06,2026-01-05,Renewed
1131,Dr. Charles Miller MD,781-564-5362x895,castillojoshua@example.net,2024-08-07,2025-02-03,Expired
1011,Anthony Fisher,+1-957-297-7298x4038,allenangela@example.com,2024-12-29,2025-06-27,Expired
1093,Hannah West,622.770.9912,fisherwilliam@example.net,2024-11-04,2026-11-04,Renewed
1068,Kim Jacobs,218.856.0591x7812,franceswalters@example.com,2024-12-03,2025-12-03,Renewed
1084,April Mcdowell,785.529.3552x7600,pateldawn@example.com,2025-02-05,2025-08-04,Pending
1170,Christopher Long,001-521-405-4723x8996,zheath@example.com,2025-03-08,2026-03-08,Renewed
1019,Peggy West,845-309-3844x7785,kyle72@example.net,2023-08-12,2025-08-11,Pending
1102,Nicholas Bridges,(559)685-9014x4521,rpratt@example.com,2025-02-19,2025-08-18,Pending
1114,Nancy White,(399)407-9074x4257,upoole@example.org,2025-07-24,2026-07-24,Renewed
1066,James Gonzalez,830.686.0215,kmendoza@example.net,2024-06-25,2026-06-25,Renewed
1122,Danny Carr,5614755355,deleonjennifer@example.net,2024-05-21,2025-05-21,Expired
1025,Samantha Villanueva,810.467.7890x00035,serranojaime@example.net,2024-08-21,2026-08-21,Renewed
1008,Michelle Boyd,(657)458-3026x540,bryantluis@example.net,2024-04-06,2025-04-06,Expired
1158,Priscilla Sandoval,2359355696,jennifercamacho@example.net,2025-01-24,2025-07-23,Expired
1178,Dennis Hoffman,001-537-911-5910x9217,qfigueroa@example.org,2024-03-21,2026-03-21,Renewed
1141,Madison Robinson,820-351-8865,ijordan@example.org,2024-03-18,2024-09-14,Expired
1126,Lori Martin,001-465-819-6121,vcoleman@example.com,2024-07-08,2026-07-08,Renewed
1012,John Dalton,001-535-943-9570x53967,chelseaperry@example.org,2025-02-23,2026-02-23,Renewed
1037,Stacey Davenport,232.535.7693x6215,garciadarlene@example.net,2025-03-28,2027-03-28,Renewed
1128,Dawn Mathis,001-832-923-9703,boyddaniel@example.org,2025-07-07,2027-07-07,Renewed
1142,Carolyn Brooks,+1-328-898-1605x053,kevin58@example.com,2024-03-14,2026-03-14,Renewed
1041,Jared Elliott,001-660-434-1898,jenkinstiffany@example.net,2024-09-12,2026-09-12,Renewed
1082,Laurie Jackson,001-463-518-5416,kmurphy@example.org,2025-05-19,2027-05-19,Renewed
1124,Jeffrey Abbott,(682)823-6157x5147,anthony05@example.org,2024-12-16,2025-06-14,Expired
1074,Dr. Wesley Owens,001-538-860-6092x5307,rmelton@example.net,2025-03-27,2026-03-27,Renewed
1099,Brian Huynh,+1-797-757-9408,kgalvan@example.org,2025-02-15,2026-02-15,Renewed
1162,Luis Mcgee,647.520.7798x410,jamielambert@example.com,2024-10-08,2025-10-08,Renewed
1127,Barbara Walters,(708)709-3224,mathisjason@example.net,2024-03-27,2024-09-23,Expired
1167,Mrs. Amber Hanna,320.751.8049,amy23@example.com,2024-02-15,2024-08-13,Expired
1072,Jennifer Carson,001-808-843-7429,shannonwood@example.org,2024-10-17,2025-04-15,Expired
1045,Kimberly Lawson DDS,377-281-0662x132,terrycindy@example.com,2024-10-31,2025-10-31,Renewed
1188,Tara Johnson,(746)230-2066x892,william30@example.com,2023-10-18,2024-04-15,Expired
1143,Elizabeth Ruiz,2325352457,cbaker@example.net,2024-07-04,2026-07-04,Renewed
1065,Colin Griffith,+1-453-392-8104x72107,acontreras@example.com,2025-04-28,2027-04-28,Renewed
1036,Kevin Stewart,566-282-5754x931,julieshaw@example.net,2025-03-15,2025-09-11,Renewed
1194,Stephen Hernandez,882-415-5272,wramirez@example.net,2023-12-30,2024-06-27,Expired
1052,Richard Thomas,531-624-6662x46897,rmcguire@example.com,2025-04-06,2026-04-06,Renewed
1061,Sean Petty,+1-299-483-4426x48038,cperez@example.com,2024-12-30,2025-12-30,Renewed
1111,Alyssa Sexton,920.407.7559,antonio02@example.net,2024-01-19,2024-07-17,Expired
1054,John Ross,(364)277-4098x4149,justin70@example.net,2024-03-19,2026-03-19,Renewed
1092,Michael Sanchez,923-956-6477,jessica72@example.com,2024-10-10,2026-10-10,Renewed
1134,Robin Kelly,706.476.9966x20507,browncindy@example.com,2024-08-18,2025-02-14,Expired
1015,Tami Coleman,001-501-871-9182x8891,longsylvia@example.net,2024-04-28,2024-10-25,Expired
1024,Jason Colon,+1-910-743-9393x757,codyjohnson@example.org,2024-06-04,2025-06-04,Expired
1156,Carl Manning,(423)792-7075x3562,elizabeth47@example.net,2024-08-12,2025-02-08,Expired
1110,Sheila Donovan,380-831-6959,brittany75@example.net,2024-10-16,2025-04-14,Expired
1057,David Williams,703.496.2052x35459,michael65@example.com,2024-01-01,2024-06-29,Expired
1002,Toni Frost,001-519-813-0492,kanderson@example.net,2025-01-30,2025-07-29,Expired
1196,Brenda Jordan,+1-742-372-4459x22430,ruth01@example.org,2025-01-10,2027-01-10,Renewed
1030,Kelly Mooney,001-993-518-9072,davidsmith@example.net,2023-12-27,2025-12-26,Renewed
1198,Patricia Ramirez,001-224-865-5358x692,millerpaul@example.org,2025-05-01,2027-05-01,Renewed
1029,Thomas Watkins,001-567-935-6575x293,zrodriguez@example.org,2023-12-21,2024-06-18,Expired
1048,Tina Anderson,638-778-8836x389,mho@example.com,2025-01-19,2026-01-19,Renewed
1087,Stephen Morton,(414)985-3061,sclark@example.com,2024-07-28,2026-07-28,Renewed
1189,Kenneth Johnson,317.413.5977x4130,karensanchez@example.com,2024-08-28,2025-02-24,Expired
1186,Kimberly Wilson,227.670.2012,melaniemccann@example.com,2024-10-14,2025-10-14,Renewed
1185,Reginald Larsen,(988)677-2833x725,adrian21@example.org,2023-09-23,2024-09-22,Expired
1018,Matthew Wilson,925.682.9826,paul23@example.org,2024-10-15,2025-10-15,Renewed
1077,John Gutierrez,001-517-656-5432,ghall@example.org,2023-08-10,2025-08-09,Pending
1049,Darrell Nelson,944-780-2390x6210,umcmahon@example.net,2025-05-10,2026-05-10,Renewed
1083,Michael Hughes,302-254-7048x21875,christopher20@example.com,2024-06-27,2025-06-27,Expired
1020,Charles Garza,311.686.2325,william63@example.org,2024-04-21,2026-04-21,Renewed
1100,Kelly Owen,7983826411,juliepatterson@example.net,2024-11-06,2026-11-06,Renewed
1146,Brian Spencer,845-456-2746,troyjames@example.net,2024-01-16,2024-07-14,Expired
1070,Nicholas Griffin,208-373-7447x93182,susan22@example.org,2024-05-27,2026-05-27,Renewed
1176,Jennifer Burton,556-694-2819x546,gutierrezbrian@example.com,2023-10-22,2024-10-21,Expired
1105,Andre Blackburn,5252969210,oreynolds@example.org,2024-08-26,2025-02-22,Expired
1091,Anthony Mcmillan,001-805-837-0388,kim36@example.net,2024-04-07,2026-04-07,Renewed
1086,Kevin Johnson,+1-681-968-1685x006,uwashington@example.net,2023-12-18,2025-12-17,Renewed
1095,Gabriel Campbell,686.751.8789x553,denise01@example.org,2024-12-06,2025-12-06,Renewed
1079,Alexis Meyer,(298)721-3785,kylieharris@example.net,2023-08-24,2024-02-20,Expired
1182,Brandon Campbell,550-845-7541x74099,dana56@example.com,2024-04-21,2025-04-21,Expired
1003,Emily Macias,404.793.3161x88862,idyer@example.net,2023-11-24,2024-05-22,Expired
1130,Edward Burns,582.575.8676,lawsontracey@example.net,2023-12-29,2024-12-28,Expired
1038,Anna King,338-972-5791x904,fharris@example.com,2025-05-27,2026-05-27,Renewed
1055,Dustin Williams,(895)763-2004x6774,timothy77@example.com,2023-10-18,2025-10-17,Renewed
1080,Nicole Spencer,780-712-7173x16874,courtney99@example.net,2025-03-31,2026-03-31,Renewed
1047,Jerome Parker,(655)244-1376x262,lisa80@example.org,2025-03-09,2027-03-09,Renewed
1121,Heather Brown,001-843-941-2489x99389,cwheeler@example.org,2024-10-02,2025-10-02,Renewed
1136,Daniel Martin,332-279-2726,littlericky@example.com,2024-03-15,2026-03-15,Renewed
1153,Mr. Michael Bush DVM,001-248-606-2443x343,harrisanna@example.org,2024-12-16,2025-12-16,Renewed
1125,Allison Johnson,968-431-5748,alexandracook@example.org,2023-12-06,2024-12-05,Expired
1031,Courtney Smith,574.665.0245x00859,ehayes@example.org,2024-07-07,2025-07-07,Expired
1007,David Gonzales,001-635-808-0822,andrea27@example.com,2024-11-09,2026-11-09,Renewed
1101,Kari Price,+1-913-536-7310x01783,keithwilliams@example.net,2025-03-24,2025-09-20,Renewed
1010,Judith Madden,(351)782-8527,jacobsonmichael@example.com,2024-01-10,2025-01-09,Expired
1021,Kimberly Sanchez,+1-721-276-4376x2167,alexander76@example.net,2023-07-30,2025-07-29,Expired
1160,John Lawrence,001-297-203-5205x53654,wgarcia@example.net,2023-08-08,2024-08-07,Expired
1172,John Hill,8725881455,yochoa@example.net,2023-10-14,2025-10-13,Renewed
1140,Douglas Sims,3368843042,steven80@example.net,2024-03-28,2026-03-28,Renewed
1056,Kenneth Ramirez,001-552-616-7251,michaelosborn@example.net,2024-12-20,2025-12-20,Renewed
1118,Mary Cannon,542-276-0987x9317,karl46@example.com,2024-02-16,2025-02-15,Expired
1046,Theresa Grimes,+1-906-298-9572,meganthompson@example.net,2023-08-15,2025-08-14,Pending
1184,Mackenzie Gutierrez,+1-967-853-9768,hflores@example.org,2025-02-27,2027-02-27,Renewed
1004,Robin Ross,247-720-3316,dustinhuerta@example.org,2025-03-24,2027-03-24,Renewed
1027,Tracy Ramos,(826)559-1153x114,neilesparza@example.net,2024-07-01,2024-12-28,Expired
1005,Allison Pierce,425.934.4651x786,williamwilliams@example.org,2023-12-05,2025-12-04,Renewed
1116,Brandon Richard,302.595.9145,taragoodman@example.net,2024-09-20,2025-03-19,Expired
1071,Mark Kim,001-867-456-0941,cstrong@example.org,2025-05-25,2025-11-21,Renewed
1119,Gabriel Miller,(665)446-0311x6132,robertsellen@example.org,2023-11-23,2024-05-21,Expired
1042,Regina Greene,500-717-9423x90680,davisroberta@example.net,2023-12-14,2024-06-11,Expired
1034,Terrance Callahan,001-463-552-7523x6414,stephanie09@example.net,2025-01-08,2027-01-08,Renewed
1169,Gerald Estrada,572-792-2670x95504,christinamiller@example.com,2025-05-30,2027-05-30,Renewed
1017,Kevin Weaver,001-781-756-8736x64879,juliewalls@example.org,2025-01-16,2025-07-15,Expired
1088,Alexander Le,516.509.6261x814,armstrongcatherine@example.org,2024-10-12,2025-10-12,Renewed
1180,Martha Rios,675.779.9706x6194,mckayerika@example.net,2023-09-21,2024-03-19,Expired
1109,Jessica Johnson,(684)644-5784,joshua05@example.net,2024-05-15,2024-11-11,Expired
1053,Sharon Smith,001-953-589-4978x2589,ajenkins@example.org,2025-01-17,2027-01-17,Renewed
1081,Michael Estrada,+1-982-832-8103x7059,halebernard@example.com,2024-10-29,2026-10-29,Renewed
1022,John Wright,773-382-6050,melissa57@example.org,2025-01-18,2027-01-18,Renewed
1144,Diane Wu,436-222-4553,gomezsamuel@example.org,2024-05-10,2026-05-10,Renewed
1069,Zachary Phillips,7925442266,angela66@example.net,2024-12-31,2026-12-31,Renewed
1106,Joseph Green,(290)899-8691x8556,darrelljones@example.net,2024-11-07,2025-05-06,Expired
1062,Amanda Evans,+1-746-826-7446x3458,josegonzalez@example.com,2023-12-12,2024-12-11,Expired
1175,Robert Ayala,324-845-4886x925,barbaradavis@example.net,2023-09-28,2024-09-27,Expired
1168,Jacqueline Flynn,(623)985-8732x15404,barrymartin@example.org,2023-11-21,2024-11-20,Expired
1103,James Miller,831.561.7661x1053,andrelee@example.org,2024-12-13,2025-12-13,Renewed
1043,Connie Wright,(315)871-3234x685,betty26@example.org,2024-02-09,2025-02-08,Expired
1151,Michael Flores,+1-549-863-3054,imurphy@example.net,2024-06-07,2024-12-04,Expired
1112,Gregory Williams,(506)454-7546,benitezvictoria@example.net,2025-02-04,2025-08-03,Pending
1123,Jean Flowers DDS,2883669396,lindareyes@example.com,2023-09-28,2024-09-27,Expired
1044,Sabrina Le,(489)891-7421x979,james25@example.org,2023-09-21,2024-03-19,Expired
1001,Joshua Holmes,001-965-901-7966x527,jennifergilmore@example.com,2024-12-30,2025-12-30,Renewed
1181,Thomas Campbell,6694459469,joelgallegos@example.net,2023-08-08,2024-08-07,Expired
1067,Aaron Campbell,480-930-6545x2550,orodriguez@example.com,2024-02-02,2026-02-01,Renewed
1023,Katie Patterson,4174060740,cody48@example.org,2024-10-10,2025-04-08,Expired
1192,Miguel Rivas,7224072790,mhutchinson@example.net,2025-04-28,2027-04-28,Renewed
1166,Michele Morgan,001-932-658-5960x1663,julie79@example.net,2023-11-06,2024-05-04,Expired
1161,Ann Frank,001-264-557-6835x7107,davidgilmore@example.org,2025-04-30,2025-10-27,Renewed
1191,James Torres,+1-869-644-5934,smartinez@example.com,2024-04-28,2025-04-28,Expired
1147,Fernando Werner,(291)712-1779,stoutcatherine@example.org,2025-07-02,2026-07-02,Renewed
1149,Andrea Burke,898-753-3759x3917,meaganmiller@example.com,2024-05-15,2024-11-11,Expired
1098,Jill Hudson,209-671-3233x8478,mhardy@example.net,2025-02-06,2025-08-05,Pending
1159,Jimmy Moss,001-404-799-7517,hodgekatherine@example.com,2025-01-12,2026-01-12,Renewed
1000,Sara Johnson,284-202-0859x512,reyessteven@example.net,2025-05-09,2025-11-05,Renewed
1016,Sierra Brock,514.474.5919,xkemp@example.net,2024-09-26,2025-03-25,Expired
1108,Dorothy Willis,001-941-632-8602x48282,jessicaphillips@example.com,2025-05-02,2027-05-02,Renewed
1195,Michelle Sullivan,+1-446-818-7479x238,svelasquez@example.net,2024-04-22,2024-10-19,Expired
1035,Emily Tucker,+1-300-606-8246x517,michael05@example.org,2024-01-02,2024-06-30,Expired
1090,Jesus Park,5175561081,regina53@example.net,2023-09-04,2024-03-02,Expired
1163,Andrea Maldonado,536.969.9061x11308,andreahernandez@example.net,2023-10-17,2024-04-14,Expired
1179,Stanley Russell,+1-226-636-8472,laura90@example.org,2024-06-13,2024-12-10,Expired
1040,Maria Smith,+1-300-657-2188x6818,luis01@example.org,2025-02-11,2025-08-10,Pending
1157,Travis Baker,+1-946-203-1446,susanchristensen@example.net,2025-04-11,2027-04-11,Renewed
1064,David Edwards,5429774565,laceymyers@example.com,2024-10-03,2025-04-01,Expired
1199,Lisa Gonzalez,(575)320-8407,seancarter@example.net,2023-11-10,2025-11-09,Renewed
1013,Valerie Kennedy,580.930.2800x28735,brookekennedy@example.org,2025-02-19,2027-02-19,Renewed
1107,Jeremy Powers,+1-433-289-0744x42098,holmesjohn@example.org,2024-02-17,2024-08-15,Expired
1104,Lawrence Evans,001-553-220-3408x9859,samantha88@example.org,2025-06-10,2027-06-10,Renewed
1164,Steven Campbell,487.920.1086x940,michaelevans@example.net,2023-10-17,2024-10-16,Expired
1051,Nicholas Martin,(634)632-0909x603,danielcindy@example.com,2025-06-19,2025-12-16,Renewed
1197,Curtis Shaw,446.300.4459,vhoward@example.com,2024-09-06,2025-03-05,Expired
1145,Crystal Ellis,+1-478-375-4847x449,mary59@example.net,2024-06-07,2026-06-07,Renewed
1028,Kevin Henderson,422-428-1421,gjohns@example.org,2023-08-05,2024-08-04,Expired
1173,Rachel Macias,(920)460-7493x343,tammy55@example.net,2024-06-16,2025-06-16,Expired
1050,Jennifer Palmer,571.862.4499,josephcamacho@example.com,2024-04-05,2026-04-05,Renewed
1135,Julia Mann,608.621.0360,jason22@example.net,2024-01-12,2025-01-11,Expired
1129,Victoria Harris,(704)200-0500,lori03@example.net,2025-03-17,2026-03-17,Renewed
1152,Thomas Smith,001-462-385-3081,adriennegomez@example.com,2024-07-22,2025-01-18,Expired
1039,Sandra King,001-946-572-9173x8979,wbrown@example.org,2023-08-01,2024-01-28,Expired
1089,Grace Dodson,5167140252,stanley86@example.com,2025-06-21,2027-06-21,Renewed
1187,Paul Stephens,9169000480,gregory19@example.org,2024-10-18,2026-10-18,Renewed
1113,Lori Sanchez,+1-763-453-2307x275,jsmith@example.com,2025-02-17,2027-02-17,Renewed
1139,Lauren Simmons,+1-267-820-2514x7850,fitzgeraldjames@example.org,2024-09-28,2025-09-28,Renewed
1073,Kristin Jenkins,951.825.5154x718,catherineclark@example.com,2024-03-18,2025-03-18,Expired
1097,Danielle Dodson,945-640-2184,rodriguezjohnny@example.net,2023-11-09,2025-11-08,Renewed
1171,Matthew Cox,001-522-619-8660x7771,dpowell@example.org,2025-06-06,2026-06-06,Renewed
1006,James Brewer,758.654.2385,asmith@example.org,2024-04-26,2025-04-26,Expired
1060,Maria Estes,885.268.2942,michelle09@example.org,2023-10-31,2025-10-30,Renewed
1075,Jessica Harrison,370-341-0408x60824,lori10@example.com,2025-05-29,2026-05-29,Renewed
1063,Cynthia Rodriguez,966.899.1224x242,treed@example.com,2025-01-29,2027-01-29,Renewed
1132,Julie Washington,297-583-5218x2216,fowlerrebecca@example.com,2024-02-03,2025-02-02,Expired
1096,Stephanie Smith,954.776.5161x067,richard20@example.org,2024-10-18,2025-10-18,Renewed
1117,Mary Ryan,(669)902-0391x87683,jcharles@example.net,2024-08-10,2026-08-10,Renewed
1058,Ronald Murphy,270.490.8943,angel52@example.com,2024-09-11,2025-03-10,Expired
1150,Mary Rodriguez,001-409-688-6224x34703,martineztimothy@example.org,2025-07-11,2027-07-11,Renewed
1133,Diane Potter,9484781531,kpierce@example.org,2024-12-02,2026-12-02,Renewed
1190,Ashley Reese,001-268-627-9099x36974,browngregory@example.com,2023-10-24,2025-10-23,Renewed
1059,Thomas Hudson,(909)722-5072x25945,hannahmorgan@example.com,2024-02-21,2025-02-20,Expired
1193,Stanley Garcia,923.610.4165x1499,lcampbell@example.com,2025-03-11,2025-09-07,Renewed
1078,Renee Walker,001-975-492-5162x189,burtonbrandi@example.net,2025-05-05,2027-05-05,Renewed
1137,Dustin Nelson,+1-762-368-3980x70096,kellyrichmond@example.com,2024-08-16,2025-08-16,Pending
1076,Kimberly Rose,435-809-5168x058,eatkinson@example.org,2024-04-24,2024-10-21,Expired
1155,James Martin,5828026013,michaelmitchell@example.net,2025-03-24,2025-09-20,Renewed
1138,Timothy Calderon,498-382-3806x66148,sweeneydesiree@example.net,2024-12-01,2025-12-01,Renewed
1174,John Barber,(915)753-6819x9278,andersonelizabeth@example.net,2023-09-15,2024-09-14,Expired
1032,Daniel Medina,(373)648-2601x7760,udavis@example.net,2025-03-12,2026-03-12,Renewed
1200,Chad Stevenson,568.648.9959,tylerlewis@example.net,2025-05-31,2027-05-31,Renewed
1115,Michael Lewis,937-600-2004,lobrien@example.org,2025-07-19,2026-01-15,Renewed
1148,Joshua Johnson,577.520.3795,pattersontina@example.org,2025-05-19,2025-11-15,Renewed
1009,Jason Caldwell,+1-891-652-7348x69270,kara58@example.com,2023-09-17,2024-03-15,Expired
1085,Pamela Lopez,001-651-589-1674x601,linda53@example.net,2024-12-06,2026-12-06,Renewed
1183,Taylor James,(590)667-2007x32940,fquinn@example.org,2024-11-13,2025-05-12,Expired
1120,Hunter Smith,(235)638-0215,jonesdestiny@example.com,2024-11-29,2025-05-28,Expired
1033,Christina Marquez,744-456-0034x71247,michael01@example.org,2024-02-11,2026-02-10,Renewed
1014,Laura Hernandez,(992)671-8265x351,laurahansen@example.net,2025-02-16,2025-08-15,Pending
1094,Andrew Clark,001-215-997-3195,kirstengonzalez@example.com,2024-06-29,2025-06-29,Expired
1177,Rose Crawford,606.622.2915x800,karen26@example.net,2025-05-31,2027-05-31,Renewed
1154,Angelica Padilla,588-648-7375,rjones@example.com,2025-02-27,2025-08-26,Pending
1026,Heather Hooper,8772614394,amanda93@example.com,2025-04-03,2026-04-03,Renewed
1165,Alice Martinez,001-913-623-3819x78810,brentgriffin@example.com,2025-03-14,2025-09-10,Renewed
1131,Mark Ruiz,001-640-664-7743x9441,karen99@example.org,2024-12-17,2025-06-15,Expired
1011,Heather Rivera,+1-378-543-9399,ashleynguyen@example.net,2024-06-16,2024-12-13,Expired
1093,Krista Lowe,001-200-722-0287,rshaffer@example.com,2023-10-06,2024-04-03,Expired
1068,Kimberly Murray,(249)402-0228x2806,josephrodriguez@example.org,2023-10-27,2024-04-24,Expired
1084,James Jones,001-618-409-3743x128,woodkimberly@example.net,2023-08-01,2025-07-31,Pending
1170,James Ruiz,542-913-3079,wilsoncory@example.org,2024-06-19,2026-06-19,Renewed
1019,Carolyn Morrow,001-454-966-6550,hstafford@example.org,2024-02-18,2025-02-17,Expired
1102,Joseph Rodriguez,001-205-275-8662x7378,ywright@example.org,2023-09-03,2025-09-02,Renewed
1114,Kevin Mills,347-517-0230,james97@example.org,2024-09-06,2025-03-05,Expired
1066,David Simpson,7972672641,amoore@example.net,2023-08-16,2025-08-15,Pending
1122,Kevin Dillon,001-810-323-8761x7671,donna67@example.org,2024-11-15,2025-05-14,Expired
1025,Barbara Parker,+1-699-692-3831,fergusonmelissa@example.com,2025-02-25,2026-02-25,Renewed
1008,Brandi Simpson,483.767.1674x1298,coxvanessa@example.com,2024-11-04,2025-05-03,Expired
1158,Stephen Spencer,+1-968-950-8559x053,angeladuncan@example.com,2025-04-16,2026-04-16,Renewed
1178,Michaela Conner,+1-724-425-6171x271,tashacummings@example.org,2025-05-15,2025-11-11,Renewed
1141,Toni Andrews,420.501.9783x2870,hallen@example.org,2025-01-11,2027-01-11,Renewed
1126,Catherine Cole,001-739-251-4222x34745,jacob31@example.org,2024-12-09,2025-06-07,Expired
1012,Kristen Vazquez,694.334.1881x412,smithrobert@example.net,2024-08-16,2025-02-12,Expired
1037,Mark Smith,235-435-9933,jeremygray@example.org,2024-04-18,2025-04-18,Expired
1128,Rachel Benton,(707)955-6169x3997,brandondean@example.org,2023-10-06,2024-04-03,Expired
1142,Sonya Page,624-786-5661x09760,lauren65@example.com,2024-09-18,2026-09-18,Renewed
1041,Dr. Crystal Owens MD,863.799.4920x27082,castanedalaura@example.org,2025-02-11,2025-08-10,Pending
1082,Tammy Garrett,(811)808-6696x867,umartinez@example.net,2025-06-20,2027-06-20,Renewed
1124,Robert Martin,6485226483,sarahmartinez@example.net,2023-12-09,2024-06-06,Expired
1074,Melissa Larson,6932032138,phillipsdavid@example.org,2025-07-18,2027-07-18,Renewed
1099,Danielle Elliott,(360)656-8693x4947,wendycordova@example.org,2024-05-26,2026-05-26,Renewed
1162,Carla Grimes,001-798-337-9995,dakotagamble@example.org,2025-02-12,2027-02-12,Renewed
1127,Laura Eaton,402-538-7401x757,dana90@example.com,2024-10-20,2025-10-20,Renewed
1167,Robert Pruitt,001-838-444-5706x439,johnsonjames@example.net,2024-05-28,2024-11-24,Expired
1072,Laura Roberts,001-221-683-1797,zwhite@example.org,2023-09-28,2024-03-26,Expired
1045,Anna Mcguire,947-722-4449x54889,rioslinda@example.net,2024-08-04,2026-08-04,Renewed
1188,Kimberly Lucero,+1-502-636-9181x73609,marissabrown@example.net,2024-11-28,2025-05-27,Expired
1143,Brittany Paul,001-603-308-8867x732,qpittman@example.org,2024-11-06,2025-11-06,Renewed
1065,Amanda Blankenship,(775)638-2972,ingrammatthew@example.org,2025-01-28,2026-01-28,Renewed
1036,John Snyder,590.342.9462x8205,berrydarren@example.org,2024-07-17,2025-07-17,Expired
1194,Samuel Gomez,(657)999-7900x4900,jordan70@example.org,2025-04-20,2025-10-17,Renewed
1052,Beth Mooney,6334742567,anthony44@example.com,2025-01-04,2025-07-03,Expired
1061,Laura Bell,(828)419-8278x8291,esmith@example.org,2023-11-16,2024-11-15,Expired
1111,Christopher Marquez,463-751-8431x46586,nicholasnichols@example.net,2024-09-09,2025-03-08,Expired
1054,Marc Gonzales,001-977-289-3635x620,schultztaylor@example.com,2023-11-08,2025-11-07,Renewed
1092,Timothy Jimenez,550.440.5804x003,vlee@example.com,2024-02-29,2024-08-27,Expired
1134,Sandra Davis,938-203-5453,lisamathews@example.org,2024-12-04,2026-12-04,Renewed
1015,Bryan Moore,001-285-816-5376x43832,jeffreymccall@example.net,2025-06-18,2025-12-15,Renewed
1024,James Hill,879.962.8287x30397,lisawhite@example.net,2025-02-04,2026-02-04,Renewed
1156,Morgan Harrell,593.865.3606x340,ninaking@example.com,2024-08-20,2025-02-16,Expired
1110,Daniel Mitchell,+1-691-389-5786x481,coxbryan@example.net,2024-04-19,2025-04-19,Expired
1057,Christy Moore,001-320-690-7002x736,justin80@example.com,2023-08-23,2024-08-22,Expired
1002,James Mack,231.803.9390,amendoza@example.com,2025-01-25,2025-07-24,Expired
1196,Shane Mccormick,445.456.3113x581,gutierrezkyle@example.org,2025-03-17,2025-09-13,Renewed
1030,Michelle Thomas,494.481.5116,fmelendez@example.net,2024-09-21,2025-03-20,Expired
1198,Jennifer Wright,(525)651-5788x2353,oharris@example.net,2024-12-09,2026-12-09,Renewed
1029,Carol Woodward,+1-406-640-2696,brandontorres@example.org,2024-05-01,2025-05-01,Expired
1048,Henry Vincent,611-460-3158x30637,nathan50@example.net,2025-03-13,2027-03-13,Renewed
1087,Mark West,483.404.5002x6041,ihernandez@example.org,2024-05-15,2024-11-11,Expired
1189,Christopher Johnson,(968)925-4101x817,xpatel@example.com,2025-03-30,2025-09-26,Renewed
1186,Travis Daniel,649.803.1745,christina00@example.net,2024-10-14,2026-10-14,Renewed
1185,Roy Grant,+1-802-367-7357x364,rmoore@example.net,2025-01-04,2027-01-04,Renewed
1018,Jason Watson,(908)989-8784x33275,davidnguyen@example.com,2024-04-07,2024-10-04,Expired
1077,Edward Harris,(863)433-0511,tanya45@example.com,2025-02-05,2027-02-05,Renewed
1049,Ricky Morales,(621)227-3444x861,kaylalevine@example.com,2023-09-14,2025-09-13,Renewed
1083,Sandra Clark,001-484-827-1304,alvarezkathryn@example.org,2023-12-16,2025-12-15,Renewed
1020,Emily Brooks,791.637.9394x4767,james27@example.net,2025-06-13,2026-06-13,Renewed
1100,Mrs. Nicole Buckley,906-862-4959,curtismitchell@example.net,2024-07-16,2025-07-16,Expired
1146,Alyssa Wong,638-530-4457,vanessareynolds@example.com,2024-01-19,2026-01-18,Renewed
1070,Deborah Bennett,+1-312-901-6778x9619,tom87@example.org,2025-06-24,2027-06-24,Renewed
1176,Ashley Miller,001-930-845-4267x398,garciadavid@example.org,2023-09-15,2025-09-14,Renewed
1105,Julie Johnson,847-579-8033x302,zenglish@example.com,2024-11-30,2025-11-30,Renewed
1091,Megan Coleman,(533)857-9957x21676,ryankathleen@example.org,2025-05-30,2025-11-26,Renewed
1086,Paul Hansen,001-322-570-5594,calebescobar@example.net,2025-03-17,2026-03-17,Renewed
1095,Kelly Bryant PhD,(998)995-6946x3572,parkerrollins@example.org,2024-03-27,2024-09-23,Expired
1079,Megan Bell,977-340-2993,johnconner@example.org,2025-05-11,2026-05-11,Renewed
1182,Melissa Saunders PhD,980.835.3996x710,kellyjames@example.com,2024-01-24,2024-07-22,Expired
1003,Emily Humphrey,(790)962-5974,restrada@example.com,2023-11-13,2024-05-11,Expired
1130,Gregory Anderson,+1-431-958-1971x655,kellyjessica@example.org,2024-04-04,2024-10-01,Expired
1038,Christopher Wright,(375)431-8789,wattsdaniel@example.org,2025-07-27,2026-07-27,Renewed
